BuildingID,Longitude,Latitude,OccupancyType,OccupancyGroup,SOID,StructureValue,ContentValue,GroundElevation_ft,FFE_ft,DFE_Status,ManufRestriction,OccupancyFallback,ElevationEligible
46007,-72.4235,40.87869,RES1,RES,R12N,339779.6,169889.8,12.452,12.952,Above DFE,0,0,0
46009,-72.4374,40.8764,RES1,RES,R11N,269533.3,134766.7,12.9193,14.4193,Above DFE,0,0,0
46010,-72.4273,40.8828,RES1,RES,R11B,130910.2,65455.08,24.5217,26.5217,Above DFE,0,0,0
46011,-72.43,40.88138,RES1,RES,R11N,106616.1,53308.03,25.0269,25.5269,Above DFE,0,0,0
46012,-72.4312,40.87204,RES1,RES,R11B,364147,182073.5,11.3916,13.3916,Above DFE,0,0,0
46013,-72.4315,40.87291,GOV1,NONRES,G1LB,836764.9,418382.4,11.3167,13.3167,Above DFE,0,0,0
46015,-72.4361,40.88395,RES1,RES,R13N,721683.2,360841.6,20.6135,22.1135,Above DFE,0,0,0
46016,-72.4401,40.87319,RES1,RES,R12N,263765.7,131882.8,7.2458,8.7458,Under DFE,0,0,1
46017,-72.4368,40.88144,RES1,RES,R12N,521412.4,260706.2,7.1535,8.6535,Under DFE,0,0,1
46018,-72.4259,40.87182,RES1,RES,R12N,194995.2,97497.6,5.5621,7.0621,Under DFE,0,0,1
46019,-72.4399,40.87258,RES1,RES,R11N,267118.8,133559.4,7.5362,9.0362,Under DFE,0,0,0
46021,-72.4297,40.87806,RES1,RES,R12B,465657.5,232828.7,18.7085,20.7085,Above DFE,0,0,0
46022,-72.4324,40.88114,RES1,RES,R12N,366392.2,183196.1,21.8832,22.3832,Above DFE,0,0,0
46023,-72.424,40.87318,RES1,RES,R12B,156396.7,78198.33,11.5352,13.5352,Above DFE,0,0,0
46024,-72.4253,40.87966,RES1,RES,R12B,357002.1,178501.1,19.9912,21.9912,Above DFE,0,0,0
46025,-72.4276,40.86942,RES1,RES,R12N,245080,122540,10.568,12.068,Above DFE,0,0,0
46026,-72.4296,40.87458,RES1,RES,R12B,378359.1,189179.6,13.946,15.946,Above DFE,0,0,0
46027,-72.4343,40.87742,RES1,RES,R11B,274295.4,137147.7,15.8474,17.8474,Above DFE,0,0,0
46028,-72.4348,40.87832,RES1,RES,R11B,201884,100942,17.17,19.17,Above DFE,0,0,0
46029,-72.4356,40.87691,RES1,RES,R12N,195208.4,97604.18,15.0571,16.5571,Above DFE,0,0,0
46031,-72.424,40.87348,RES3A,RES,R3A1B,593792.9,296896.4,12.4936,14.4936,Above DFE,0,0,0
46032,-72.4231,40.8805,RES1,RES,R12N,389625.2,194812.6,14.2125,14.7125,Above DFE,0,0,0
46033,-72.4352,40.87296,RES1,RES,R11B,198077.4,99038.7,11.2481,13.2481,Above DFE,0,0,0
46034,-72.4257,40.87024,RES1,RES,R11N,76537.02,38268.51,7.5649,9.0649,Under DFE,0,0,0
46035,-72.4269,40.86955,RES1,RES,R12N,259836.1,129918.1,9.2706,10.7706,Under DFE,0,0,0
46036,-72.4271,40.86731,RES1,RES,R12N,369880.8,184940.4,8.9044,9.4044,Under DFE,0,0,0
46037,-72.4266,40.88271,RES1,RES,R12N,438467,219233.5,24.6117,25.1117,Above DFE,0,0,0
46039,-72.4278,40.86882,RES1,RES,R12N,286250.3,143125.1,9.8529,10.3529,Under DFE,0,0,0
46040,-72.4301,40.87198,COM4,NONRES,C4LB,1219627,609813.8,13.6398,15.6398,Above DFE,0,0,0
46041,-72.4332,40.87556,RES1,RES,R12N,255277.4,127638.7,11.0838,11.5838,Above DFE,0,0,0
46042,-72.4334,40.87289,RES1,RES,R11B,274370.6,137185.3,9.8479,11.8479,Above DFE,0,0,0
46043,-72.4361,40.87286,RES2,RES,R21N,283917.7,141958.8,11.0708,13.0708,Above DFE,0,0,0
46044,-72.4362,40.873,RES1,RES,R11N,354402.1,177201.1,12.0882,13.0882,Above DFE,0,0,0
46045,-72.4368,40.8835,RES1,RES,R12N,277588.2,138794.1,18.2093,19.7093,Above DFE,0,0,0
46047,-72.4273,40.86845,RES1,RES,R11N,199801.8,99900.91,9.7825,11.2825,Above DFE,0,0,0
46048,-72.4283,40.86969,RES1,RES,R12N,153231.7,76615.85,11.5294,13.0294,Above DFE,0,0,0
46049,-72.4306,40.87209,COM6,NONRES,C6LB,1064648,532324,11.9948,12.4948,Above DFE,0,0,0
46050,-72.4399,40.87218,RES1,RES,R12N,378404.4,189202.2,7.1892,8.6892,Under DFE,0,0,1
46051,-72.4231,40.87128,RES1,RES,R11N,236176.7,118088.4,8.0355,9.5355,Under DFE,0,0,0
46052,-72.4283,40.88097,RES1,RES,R11B,191517.1,95758.54,22.0211,24.0211,Above DFE,0,0,0
46053,-72.43,40.87339,RES1,RES,R13N,1007558,503778.8,14.1267,14.6267,Above DFE,0,0,0
46054,-72.4301,40.87746,RES1,RES,R11B,225325.7,112662.8,17.5721,19.5721,Above DFE,0,0,0
46055,-72.4375,40.87714,RES1,RES,R12N,392961.1,196480.5,11.4267,11.9267,Above DFE,0,0,0
46056,-72.4392,40.87451,RES1,RES,R12N,231218,115609,10.9334,12.4334,Above DFE,0,0,0
46058,-72.4279,40.874,RES1,RES,R12B,768248,384124,17.2544,19.2544,Above DFE,0,0,0
46059,-72.4314,40.88072,RES1,RES,R12B,796896.2,398448.1,23.7078,25.7078,Above DFE,0,0,0
46060,-72.4317,40.86938,RES1,RES,R12N,281343,140671.5,8.4233,9.9233,Under DFE,0,0,0
46061,-72.4325,40.87663,RES1,RES,R11B,176520,88260.02,15.7083,17.7083,Above DFE,0,0,0
46062,-72.4355,40.87845,RES1,RES,R12N,468714,234357,17.5012,19.0012,Above DFE,0,0,0
46063,-72.4367,40.88188,RES1,RES,R11N,376921.4,188460.7,13.8117,15.3117,Above DFE,0,0,0
46064,-72.4229,40.87356,RES1,RES,R12N,495885,247942.5,11.7989,13.2989,Above DFE,0,0,0
46065,-72.4255,40.86995,RES1,RES,R12N,310584.5,155292.2,7.8901,9.3901,Under DFE,0,0,0
46066,-72.4262,40.8691,RES1,RES,R12N,357585.7,178792.9,7.4929,8.9929,Under DFE,0,0,1
46067,-72.4267,40.8754,RES1,RES,R13B,575759.7,287879.9,16.0433,18.0433,Above DFE,0,0,0
46068,-72.427824139595,40.8689960714851,RES1,RES,R11N,204942.8,102471.4,10.4514,11.9514,Above DFE,0,0,0
46069,-72.4291,40.86356,RES1,RES,R11N,142251.9,71125.95,5.8108,7.3108,Under DFE,0,0,1
46070,-72.4322,40.8729,REL1,NONRES,RE1LB,770243,385122,10.9379,11.4379,Above DFE,0,0,0
46071,-72.4352,40.88215,RES1,RES,R13N,624470.2,312235.1,12.3108,13.8108,Above DFE,0,0,0
46072,-72.4257,40.87078,RES1,RES,R11N,177019.1,88509.53,7.3384,8.8384,Under DFE,0,0,1
46073,-72.4294,40.87745,RES1,RES,R12B,255997.8,127998.9,18.2633,20.2633,Above DFE,0,0,0
46074,-72.4312,40.87303,COM4,NONRES,C4LB,322693.5,161346.7,11.0843,12.5843,Above DFE,0,0,0
46075,-72.4354,40.87784,RES1,RES,R11N,168488.7,84244.35,16.417,16.917,Above DFE,0,0,0
46076,-72.4361,40.88107,RES1,RES,R11N,218792.2,109396.1,11.7022,13.2022,Above DFE,0,0,0
46077,-72.4234,40.87596,RES1,RES,R12N,533136,266568,13.7987,14.2987,Above DFE,0,0,0
46078,-72.4242,40.879,RES1,RES,R12N,508410.8,254205.4,16.7331,18.2331,Above DFE,0,0,0
46079,-72.4252,40.87469,RES1,RES,R12N,369272.2,184636.1,13.5607,14.0607,Above DFE,0,0,0
46080,-72.4333,40.87684,RES1,RES,R12B,249979.6,124989.8,17.3685,19.3685,Above DFE,0,0,0
46082,-72.4262,40.87314,RES1,RES,R12B,291470.2,145735.1,10.6175,12.6175,Above DFE,0,0,0
46083,-72.4275,40.87015,RES1,RES,R12B,367470,183735,11.7831,13.7831,Above DFE,0,0,0
46084,-72.4286,40.87518,RES1,RES,R11N,382339.2,191169.6,15.9998,16.4998,Above DFE,0,0,0
46085,-72.4295,40.87871,RES1,RES,R12B,260715.5,130357.8,20.4519,22.4519,Above DFE,0,0,0
46086,-72.4388,40.87295,RES1,RES,R11N,171053.8,85526.89,6.7272,7.2272,Under DFE,0,0,1
46087,-72.4247,40.88366,RES1,RES,R11B,288794.4,144397.2,24.2601,27.2601,Above DFE,0,0,0
46088,-72.4248,40.87325,RES1,RES,R11N,196312.1,98156.06,9.7344,10.2344,Under DFE,0,0,0
46089,-72.4264,40.86872,RES1,RES,R11N,150329.6,75164.81,7.5995,9.0995,Under DFE,0,0,0
46090,-72.4272,40.87266,RES1,RES,R12N,492124.1,246062,12.2307,12.7307,Above DFE,0,0,0
46091,-72.4354,40.87228,RES1,RES,R12N,285362.3,142681.2,10.5714,11.0714,Above DFE,0,0,0
46092,-72.4367,40.87538,RES1,RES,R11N,158761.3,79380.66,13.0678,13.5678,Above DFE,0,0,0
46093,-72.4252,40.87721,RES1,RES,R12N,502371.4,251185.7,17.5714,18.0714,Above DFE,0,0,0
46094,-72.4256,40.86755,RES1,RES,R12N,240736,120368,8.2403,9.7403,Under DFE,0,0,0
46095,-72.4259,40.87264,RES1,RES,R12N,326237.5,163118.8,10.2455,10.7455,Under DFE,0,0,0
46096,-72.4254,40.86934,RES1,RES,R12N,106222.8,53111.4,7.6069,9.1069,Under DFE,0,0,0
46097,-72.4281,40.8758,RES1,RES,R12N,290433.7,145216.9,16.4848,16.9848,Above DFE,0,0,0
46098,-72.4309,40.88199,RES1,RES,R12N,213828.9,106914.4,24.8841,25.3841,Above DFE,0,0,0
46099,-72.4349,40.87997,RES1,RES,R12N,264155.2,132077.6,14.9226,15.4226,Above DFE,0,0,0
46101,-72.4248,40.87595,RES1,RES,R12N,275393.7,137696.8,15.0273,16.5273,Above DFE,0,0,0
46102,-72.4262,40.87595,RES1,RES,R12N,193899.4,96949.69,16.2879,16.7879,Above DFE,0,0,0
46103,-72.4264,40.87988,RES1,RES,R12B,392776.9,196388.5,21.4921,23.4921,Above DFE,0,0,0
46104,-72.4323,40.87759,RES1,RES,R11N,186223.6,93111.79,19.3879,19.8879,Above DFE,0,0,0
46105,-72.4237,40.87226,RES1,RES,R12N,293289.6,146644.8,11.0907,11.5907,Above DFE,0,0,0
46106,-72.4246,40.8829,RES1,RES,R12N,565637.5,282818.7,20.6815,23.6815,Above DFE,0,0,0
46107,-72.4366,40.88304,RES1,RES,R12N,318977,159488.5,22.0028,23.5028,Above DFE,0,0,0
46108,-72.423,40.87215,RES1,RES,R11N,204277.6,102138.8,10.3334,11.8334,Above DFE,0,0,0
46109,-72.4259,40.87908,RES1,RES,R12B,196145,98072.47,19.9589,21.9589,Above DFE,0,0,0
46110,-72.4277,40.87808,RES1,RES,R11B,246707.4,123353.7,19.1521,21.1521,Above DFE,0,0,0
46111,-72.4309,40.8819,RES1,RES,R12N,363903.3,181951.7,25.1805,26.6805,Above DFE,0,0,0
46112,-72.4314,40.88034,RES1,RES,R12B,374342.7,187171.4,20.4398,22.4398,Above DFE,0,0,0
46113,-72.4319,40.87636,RES1,RES,R13B,465503,232751.5,15.9878,17.9878,Above DFE,0,0,0
46114,-72.4367,40.87463,RES1,RES,R11N,573755.4,860633.1,14.9829,16.4829,Above DFE,0,0,0
46115,-72.4263,40.8745,RES1,RES,R12B,241019.6,120509.8,13.7427,15.7427,Above DFE,0,0,0
46116,-72.4279,40.87991,RES1,RES,R11B,219268,109634,21.7841,23.7841,Above DFE,0,0,0
46117,-72.4336,40.87284,RES1,RES,R11B,147954.7,73977.33,3.62,5.62,Under DFE,0,0,1
46118,-72.4225,40.87663,RES1,RES,R11N,192227.3,96113.65,13.6861,15.1861,Above DFE,0,0,0
46119,-72.4244,40.87947,RES1,RES,R11N,551176.2,551176.2,16.2709,17.7709,Above DFE,0,0,0
46120,-72.4255,40.87395,RES1,RES,R11B,223779.6,111889.8,11.0631,13.0631,Above DFE,0,0,0
46121,-72.4273,40.86867,RES1,RES,R11N,216183,108092,10.681,12.181,Above DFE,0,0,0
46122,-72.4307,40.88037,RES2,RES,R21B,317643,158821.5,21.96,23.96,Above DFE,0,0,0
46123,-72.4258,40.86822,RES1,RES,R11N,102773.4,51386.7,8.8124,10.3124,Under DFE,0,0,0
46124,-72.427,40.86917,RES1,RES,R12N,186981.9,93490.94,8.4915,9.9915,Under DFE,0,0,0
46125,-72.4227,40.87226,RES1,RES,R11N,110203.3,55101.65,8.6188,10.1188,Under DFE,0,0,0
46126,-72.4239,40.88188,RES1,RES,R13N,338272.3,169136.2,20.6209,22.1209,Above DFE,0,0,0
46128,-72.4223,40.87477,RES1,RES,R12N,215044.4,107522.2,11.1577,12.6577,Above DFE,0,0,0
46129,-72.4249,40.88132,RES1,RES,R11N,283856.4,141928.2,20.9997,21.4997,Above DFE,0,0,0
46130,-72.4254,40.87329,RES1,RES,R12N,329380.2,164690.1,9.5356,10.0356,Under DFE,0,0,0
46131,-72.4267,40.87926,RES1,RES,R12B,304369.4,152184.7,20.3269,22.3269,Above DFE,0,0,0
46132,-72.4365,40.88009,RES1,RES,R12N,190280,95139.99,17.6341,18.1341,Above DFE,0,0,0
46133,-72.4239,40.87296,RES1,RES,R12B,266297.6,133148.8,11.6142,13.6142,Above DFE,0,0,0
46134,-72.4245,40.87679,RES1,RES,R12N,263772.3,131886.2,15.1675,16.6675,Above DFE,0,0,0
46135,-72.4246,40.87144,RES1,RES,R12N,109906.3,54953.14,7.1389,8.6389,Under DFE,0,0,1
46136,-72.4248,40.88061,RES1,RES,R11N,142134.9,71067.45,21.1868,22.6868,Above DFE,0,0,0
46137,-72.4304,40.87033,RES1,RES,R12N,349494.9,174747.5,12.4752,13.9752,Above DFE,0,0,0
46138,-72.4293,40.86865,RES1,RES,R12N,165054.2,82527.1,8.8694,10.3694,Under DFE,0,0,0
46139,-72.4334,40.87201,RES1,RES,R12N,290611,145305.5,8.7835,10.2835,Under DFE,0,0,0
46140,-72.4354,40.87353,RES1,RES,R12N,648348.7,324174.4,11.7568,13.2568,Above DFE,0,0,0
46141,-72.4265,40.86619,RES1,RES,R11N,208260.9,104130.4,9.5492,11.0492,Above DFE,0,0,0
46142,-72.4272,40.87765,RES1,RES,R12B,377434.2,188717.1,19.2134,21.2134,Above DFE,0,0,0
46143,-72.4275,40.88105,RES1,RES,R12B,303568.7,151784.4,22.187,24.187,Above DFE,0,0,0
46144,-72.4286,40.87347,RES1,RES,R11N,144096.9,72048.47,15.1926,15.1926,Above DFE,0,0,0
46145,-72.4278,40.86598,RES1,RES,R12N,313756.3,156878.2,7.4312,8.9312,Under DFE,0,0,1
46146,-72.4281,40.87687,RES1,RES,R13N,754638.4,377319.2,16.9149,17.4149,Above DFE,0,0,0
46147,-72.4286,40.87684,RES1,RES,R12B,966379.6,483189.8,18.1993,20.1993,Above DFE,0,0,0
46148,-72.432,40.88043,RES1,RES,R12N,421298.1,210649.1,20.9638,22.4638,Above DFE,0,0,0
46149,-72.4355,40.87392,RES1,RES,R12N,323553.3,161776.7,13.3858,13.8858,Above DFE,0,0,0
46150,-72.4377,40.87398,RES1,RES,R12N,217102.7,108551.4,13.2485,14.7485,Above DFE,0,0,0
46151,-72.4383,40.87403,RES1,RES,R11N,168025.3,84012.63,11.7569,13.2569,Above DFE,0,0,0
46152,-72.4236,40.87139,RES1,RES,R12N,138949.9,69474.93,8.8728,10.3728,Under DFE,0,0,0
46153,-72.4313,40.87961,RES1,RES,R12N,202483.9,101242,21.2972,21.7972,Above DFE,0,0,0
46154,-72.4383,40.87579,RES1,RES,R11N,131475.8,65737.92,9.7027,10.2027,Under DFE,0,0,0
46155,-72.4231,40.87533,RES1,RES,R11N,90558.09,45279.04,14.9606,16.4606,Above DFE,0,0,0
46156,-72.4235,40.88035,RES1,RES,R11N,223664.8,111832.4,17.4514,18.9514,Above DFE,0,0,0
46157,-72.4258,40.88164,RES1,RES,R12B,268736,134368,23.12,25.12,Above DFE,0,0,0
46158,-72.4268,40.87659,RES2,RES,R21B,186000,93000,17.2267,19.2267,Above DFE,0,0,0
46159,-72.4302,40.8694,RES1,RES,R11N,252607.4,126303.7,9.5191,11.0191,Above DFE,0,0,0
46160,-72.4371,40.87766,RES1,RES,R11N,179302.1,89651.04,13.7735,14.2735,Above DFE,0,0,0
46161,-72.4252,40.87895,RES1,RES,R12B,124124.4,62062.17,17.8411,20.8411,Above DFE,0,0,0
46162,-72.4308,40.86938,RES1,RES,R12N,366905.8,183452.9,9.5036,11.0036,Above DFE,0,0,0
46163,-72.4391,40.87467,RES1,RES,R12N,243710.8,121855.4,9.3436,9.8436,Under DFE,0,0,0
46164,-72.4268,40.87031,RES1,RES,R12N,419387.1,209693.6,9.7663,11.2663,Above DFE,0,0,0
46165,-72.4354,40.88161,RES1,RES,R12N,518843.1,259421.6,16.8291,18.3291,Above DFE,0,0,0
46166,-72.4361,40.87897,RES1,RES,R11N,217166.8,108583.4,14.1463,15.6463,Above DFE,0,0,0
46167,-72.4268,40.87677,RES1,RES,R12N,224161.3,112080.6,17.5869,19.5869,Above DFE,0,0,0
46168,-72.4292,40.87896,RES1,RES,R11B,180274.3,90137.16,20.3155,22.3155,Above DFE,0,0,0
46169,-72.436,40.87573,RES1,RES,R12N,503602.8,251801.4,15.5866,17.0866,Above DFE,0,0,0
46170,-72.424,40.87771,RES1,RES,R12N,156971.4,78485.69,10.093,11.593,Above DFE,0,0,0
46171,-72.4287,40.88269,RES1,RES,R11N,163383,81691.5,24.2173,24.7173,Above DFE,0,0,0
46172,-72.4365,40.8763,RES1,RES,R12N,344505.3,172252.6,12.2117,13.7117,Above DFE,0,0,0
47561,-72.424,40.8808,RES1,RES,R13N,482511,241255.5,19.8721,20.3721,Above DFE,0,0,0
47562,-72.4255,40.88032,RES1,RES,R12N,292688.5,146344.3,21.124,21.624,Above DFE,0,0,0
47563,-72.426,40.87526,RES1,RES,R12B,689147,344573.5,16.7521,18.7521,Above DFE,0,0,0
47564,-72.4289,40.87811,RES2,RES,R21B,114218,57109.01,18.1382,20.1382,Above DFE,0,0,0
47565,-72.432,40.8716,COM2,NONRES,C2LB,885172,442586,9.4145,10.9145,Under DFE,0,0,0
47566,-72.436,40.87927,RES1,RES,R12N,512669.7,256334.8,18.475,19.975,Above DFE,0,0,0
47567,-72.4287,40.88179,RES1,RES,R11B,216894,108447,24.1795,26.1795,Above DFE,0,0,0
47568,-72.435,40.883,RES1,RES,R12N,210238.5,105119.2,18.7947,19.2947,Above DFE,0,0,0
47569,-72.4235,40.8788,RES2,RES,R21N,165600,82800,11.3179,12.8179,Above DFE,0,0,0
47570,-72.4271,40.87493,RES1,RES,R11B,118197.3,59098.64,17.6928,19.6928,Above DFE,0,0,0
47571,-72.4321,40.87193,RES1,RES,R12N,125936,62968,9.7475,11.2475,Above DFE,0,0,0
47572,-72.4364,40.88361,RES1,RES,R12N,233605.5,116802.8,19.91,21.41,Above DFE,0,0,0
47573,-72.4367,40.87837,RES1,RES,R11N,213239.7,106619.9,13.5096,15.0096,Above DFE,0,0,0
47574,-72.4377,40.87257,RES1,RES,R11N,138013.5,69006.73,7.7579,9.2579,Under DFE,0,0,0
47575,-72.4242,40.87409,RES3A,RES,R3A1N,504281.7,252140.9,12.1106,14.1106,Above DFE,0,0,0
47576,-72.4259,40.87164,RES1,RES,R12N,441755.4,220877.7,8.3262,9.8262,Under DFE,0,0,0
47577,-72.4266,40.87729,RES1,RES,R12B,296589.4,148294.7,16.4469,18.4469,Above DFE,0,0,0
47578,-72.4267,40.86991,RES1,RES,R11N,334437.8,167218.9,8.742,10.242,Under DFE,0,0,0
47579,-72.4279,40.8828,RES1,RES,R12N,260999.1,130499.6,23.5094,24.0094,Above DFE,0,0,0
47580,-72.4299,40.88254,RES1,RES,R13N,428733.9,214366.9,24.4307,24.9307,Above DFE,0,0,0
47581,-72.434,40.87205,RES1,RES,R12N,362353.5,181176.8,6.4163,7.9163,Under DFE,0,0,1
47582,-72.4252,40.87785,RES1,RES,R12B,299928,149964,17.6602,19.6602,Above DFE,0,0,0
47583,-72.4318,40.87121,RES1,RES,R12N,147160.9,73580.43,10.0172,10.5172,Under DFE,0,0,0
47584,-72.4362,40.87374,RES1,RES,R13N,395054.2,197527.1,11.6657,12.1657,Above DFE,0,0,0
47585,-72.4221,40.87359,RES1,RES,R12N,413006.1,206503.1,9.721,11.221,Above DFE,0,0,0
47586,-72.4235,40.87659,RES1,RES,R11N,152230.2,76115.09,13.7071,15.2071,Above DFE,0,0,0
47587,-72.4259,40.86842,RES1,RES,R11N,143015.4,71507.68,7.1302,8.6302,Under DFE,0,0,1
47588,-72.4263,40.87827,RES1,RES,R13B,559403,279701.5,18.8663,20.8663,Above DFE,0,0,0
47589,-72.4299,40.87298,RES1,RES,R12B,262716,131358,13.2662,15.2662,Above DFE,0,0,0
47590,-72.4348,40.88059,RES1,RES,R11N,230517,115258.5,19.4668,19.9668,Above DFE,0,0,0
47591,-72.4227,40.87416,RES1,RES,R12N,222235.6,111117.8,9.9099,11.4099,Above DFE,0,0,0
47592,-72.4269,40.87394,RES1,RES,R12B,382600.5,191300.3,13.4198,15.4198,Above DFE,0,0,0
47593,-72.4307,40.88095,RES1,RES,R12B,421267.5,210633.7,21.9209,23.9209,Above DFE,0,0,0
47594,-72.4232,40.87754,RES1,RES,R11N,476101.2,238050.6,12.2787,13.7787,Above DFE,0,0,0
47595,-72.4312,40.87012,RES1,RES,R12B,299636.4,149818.2,9.1598,11.1598,Above DFE,0,0,0
47596,-72.4317,40.87817,RES1,RES,R12N,255790.9,127895.4,20.0682,20.5682,Above DFE,0,0,0
47597,-72.4367,40.87629,RES1,RES,R11N,117170.8,58585.4,10.7416,11.2416,Above DFE,0,0,0
47598,-72.4257,40.87596,RES3A,RES,R3A1B,4343309,6514963,16.0775,16.5775,Above DFE,0,0,0
47600,-72.4267,40.87394,RES1,RES,R12B,150296.2,75148.11,12.8498,14.8498,Above DFE,0,0,0
47601,-72.4268,40.88113,RES1,RES,R12N,188540.8,94270.39,22.7498,23.2498,Above DFE,0,0,0
47602,-72.4297,40.8736,RES1,RES,R11B,160467.2,80233.62,14.3203,16.3203,Above DFE,0,0,0
47603,-72.4333,40.87618,RES1,RES,R13B,450982.7,225491.4,14.83,16.83,Above DFE,0,0,0
47604,-72.4338,40.8808,RES1,RES,R12N,317233,158616.5,21.3308,21.8308,Above DFE,0,0,0
47605,-72.4252,40.88194,RES1,RES,R11B,133238.2,66619.1,22.6378,24.6378,Above DFE,0,0,0
47606,-72.4276,40.87721,RES1,RES,R11N,133133.2,66566.61,18.0387,18.5387,Above DFE,0,0,0
47607,-72.4308,40.87898,RES1,RES,R12N,371528.8,185764.4,21.2995,21.7995,Above DFE,0,0,0
47608,-72.4345,40.884,RES1,RES,R12N,254392.4,127196.2,22.2405,22.7405,Above DFE,0,0,0
47609,-72.4367,40.87669,RES1,RES,R12N,265594.3,132797.1,12.1056,13.6056,Above DFE,0,0,0
47610,-72.4225,40.87292,RES1,RES,R12N,201102.8,100551.4,9.0177,10.5177,Under DFE,0,0,0
47611,-72.4311,40.87685,RES1,RES,R12B,280048.8,140024.4,16.3792,18.3792,Above DFE,0,0,0
47612,-72.4361,40.87729,RES1,RES,R12N,186751.1,93375.56,8.8831,10.3831,Under DFE,0,0,0
47613,-72.4365,40.88248,RES1,RES,R12N,566065.4,283032.7,18.6754,20.1754,Above DFE,0,0,0
47614,-72.4222,40.87638,RES1,RES,R11N,217091.6,108545.8,13.7242,15.2242,Above DFE,0,0,0
47615,-72.4241,40.8783,RES1,RES,R12N,323321.8,161660.9,14.4416,15.9416,Above DFE,0,0,0
47616,-72.4268,40.87867,RES1,RES,R11B,217423.8,108711.9,21.4436,23.4436,Above DFE,0,0,0
47617,-72.4348,40.87624,RES2,RES,R21N,281521.3,140760.7,15.8955,17.3955,Above DFE,0,0,0
47618,-72.4352,40.88275,RES1,RES,R12N,280952.8,140476.4,19.9192,21.4192,Above DFE,0,0,0
47619,-72.4218,40.87541,RES1,RES,R12N,368466.3,184233.1,11.353,12.853,Above DFE,0,0,0
47620,-72.4255,40.87635,RES1,RES,R11N,161527.3,80763.65,17.6276,18.1276,Above DFE,0,0,0
47621,-72.4263,40.88178,RES1,RES,R13B,373335.3,186667.7,23.7715,25.7715,Above DFE,0,0,0
47622,-72.428,40.86678,RES1,RES,R13N,596805.7,298402.9,7.8882,8.3882,Under DFE,0,0,1
47623,-72.4321,40.86989,RES1,RES,R11N,108556.2,54278.08,8.4181,9.9181,Under DFE,0,0,0
55283,-72.4354,40.88486,RES1,RES,R11N,186374.5,93187.25,4.141,5.641,Under DFE,0,0,1
55438,-72.4346,40.88531,COM8,NONRES,C8LB,435466.6,217733.3,9.4179,9.9179,Under DFE,0,0,0
55488,-72.4355,40.88507,RES1,RES,R11B,118085.8,59042.88,5.6434,7.6434,Under DFE,0,0,1
10001,-72.4304,40.87155,EDU1,NONRES,E1MB,1219627,609813.8,13.6398,15.6398,Above DFE,0,0,0
10002,-72.4238,40.87056,AGR1,NONRES,A1LB,392202,196101,7.8901,8.3901,Under DFE,0,0,1
10003,-72.431,40.87145,RES1,RES,R12B,285356.3,142678.1,13.6398,15.6398,Above DFE,0,0,0
10004,-72.4323,40.87312,RES1,RES,R12N,86767.07,43383.54,10.9379,11.4379,Above DFE,0,0,0
10005,-72.4239,40.88394,RES1,RES,R11N,179857,89929,21.06,25.06,Above DFE,0,0,0
10007,-72.4322,40.87054,RES3B,RES,R3B1N,317296,158648,9.68,12.68,Above DFE,0,0,0
10008,-72.4289184808731,40.8741214048541,RES1,RES,R11N,170427,85214,13.93,16.93,Above DFE,0,0,0
10009,-72.4336,40.88515,COM8,NONRES,C8LB,1330690,665345,16.94,19.94,Above DFE,0,0,0
10010,-72.4355,40.87613,RES2,RES,R21N,151016,75508,16.32,16.82,Above DFE,0,0,0
10011,-72.4348,40.87917,RES1,RES,R12B,198380,99190,19.12,22.12,Above DFE,0,0,0
10012,-72.4296,40.8832,COM1,NONRES,C1LB,1003373,501687,24.51,28.51,Above DFE,0,0,0
10013,-72.4364742636681,40.8722331702987,RES2,RES,R21N,228925,114463,11.26,14.26,Above DFE,0,0,0
10014,-72.4277,40.87137,RES1,RES,R12N,256992,128496,11.1,16.1,Above DFE,0,0,0
10015,-72.4346,40.88183,RES1,RES,R11N,212504,106252,18.88,21.88,Above DFE,0,0,0
10016,-72.4312,40.87141,IND2,NONRES,I2LN,126044,63022,10.35,10.35,Under DFE,0,0,0
10017,-72.4312,40.88279,RES1,RES,R11N,250733,125367,27.11,28.11,Above DFE,0,0,0
10018,-72.4321,40.88232,COM1,NONRES,C1LB,1270124,635062,21.14,23.14,Above DFE,0,0,0
10019,-72.4349,40.87694,RES1,RES,R11N,161250,80625,14.79,18.79,Above DFE,0,0,0
10020,-72.4316999316216,40.8816129669521,RES1,RES,R11N,174867,87434,23.12,23.62,Above DFE,0,0,0
10021,-72.4235,40.87977,IND2,NONRES,I2LB,623564,311782,13.15,13.65,Above DFE,0,0,0
10022,-72.4275,40.87344,RES2,RES,R21N,157021,78511,13.75,16.75,Above DFE,0,0,0
10023,-72.4331,40.87803,COM3,NONRES,C3LB,936955,468478,19.55,21.55,Above DFE,0,0,0
10024,-72.4333,40.88216,RES2,RES,R21B,187089,93545,21.97,23.97,Above DFE,0,0,0
10025,-72.4337,40.88176,RES3B,RES,R3B1N,246251,123126,21.49,24.49,Above DFE,0,0,0
10026,-72.4254,40.88375,RES1,RES,R12N,249634,124817,26.11,27.11,Above DFE,0,0,0
10027,-72.4325,40.8824,IND2,NONRES,I2LN,1099278,549639,21.83,21.83,Above DFE,0,0,0
10028,-72.4358600378037,40.8806760610692,RES1,RES,R12B,315182,157591,13.56,17.56,Above DFE,0,0,0
10029,-72.425,40.88414,RES1,RES,R11N,172034,86017,25.21,26.21,Above DFE,0,0,0
10030,-72.4342,40.88273,RES2,RES,R21N,169327,84664,20.87,21.37,Above DFE,0,0,0
10031,-72.4271,40.88338,RES1,RES,R11B,192544,96272,25.71,28.71,Above DFE,0,0,0
10032,-72.4274,40.87701,RES1,RES,R11N,175671,87836,17.15,18.15,Above DFE,0,0,0
10033,-72.433,40.8838,RES2,RES,R21N,236863,118432,24.65,26.65,Above DFE,0,0,0
10034,-72.4336,40.88427,RES2,RES,R21B,246589,123295,25.06,27.06,Above DFE,0,0,0
10035,-72.4354,40.87443,RES1,RES,R12B,206415,103208,14.67,17.67,Above DFE,0,0,0
10036,-72.4383,40.87493,RES1,RES,R11N,156979,78490,9.88,10.88,Under DFE,0,0,0
10037,-72.4339,40.88338,RES2,RES,R21N,208022,104011,24.12,25.12,Above DFE,0,0,0
10038,-72.4345,40.88221,RES1,RES,R11N,190979,95490,20.13,21.13,Above DFE,0,0,0
10039,-72.4287,40.87923,RES2,RES,R21B,174571,87286,20.37,23.37,Above DFE,0,0,0
10040,-72.4323,40.88209,COM1,NONRES,C1LB,1427335,713668,20.88,22.88,Above DFE,0,0,0
10041,-72.4253565073013,40.8841478189831,RES1,RES,R12N,185270,92635,25.65,26.65,Above DFE,0,0,0
10042,-72.4373781681061,40.8754559140888,RES1,RES,R11N,160954,80477,7.5,11.5,Above DFE,0,0,0
10043,-72.4222,40.87604,RES1,RES,R11N,166706,83353,13.52,15.52,Above DFE,0,0,0
10044,-72.4346,40.8837,RES1,RES,R11B,197746,98873,23.19,25.19,Above DFE,0,0,0
10045,-72.4295,40.87129,REL1,NONRES,RE1LB,404096,202048,4.81,7.81,Under DFE,0,0,1
10046,-72.4281,40.86334,RES3B,RES,R3B1B,174614,87307,3.46,11.46,Above DFE,0,0,0
10047,-72.426,40.87145,RES1,RES,R12N,350526,175263,9.68,10.18,Under DFE,0,0,0
10048,-72.4253699183464,40.8827891503672,RES1,RES,R11N,140825,70413,24.07,27.07,Above DFE,0,0,0
10049,-72.426,40.88338,RES1,RES,R12B,257418,128709,24.31,26.31,Above DFE,0,0,0
10050,-72.4347,40.88143,RES2,RES,R21N,166917,83459,14.34,17.34,Above DFE,0,0,0
