Category,TargetYear,Action,SLR,P01,P02,P03,P04,P05,P06,P07,P08,P09,P10,P25,P50,P75,P90,P91,P92,P93,P94,P95,P96,P97,P98,P99
RES_InFP,Potential,No mitigation,50th-percentile,855050.906402198,855050.906402198,855050.906402198,855050.906402198,855050.906402198,860126.387089281,869342.569911593,872833.573923974,881151.900529163,884997.10894447,984960.728761454,1208424.69346641,1983321.94934742,3503268.9998391,3598500.14100624,3686100.28947987,3761350.87343838,3888746.70007806,4095271.29657963,4408213.73111058,4957440.01531263,5868194.55563583,7136521.00199762
RES_InFP,Potential,No mitigation,90th-percentile,855050.906402198,855050.906402198,855050.906402198,855050.906402198,858828.849258767,869016.569600272,874690.767035866,881342.398426668,886939.063112588,893257.232595909,994706.522144169,1232296.14331669,1836348.1596114,3411095.5566817,3561061.25852888,3661639.77747726,3763211.46534523,3869783.64811687,3994741.05196503,4116635.26976399,5382329.94149206,7218891.59509332,9126497.16692642
RES_InFP,Potential,Raise Utilities,50th-percentile,540555.869739094,540555.869739094,540555.869739094,540555.869739094,540555.869739094,544005.471702365,550269.343898476,552621.993440671,558266.259615689,560914.50408132,626892.283507756,766852.822446005,1284580.55282803,2341624.42919222,2422111.78886552,2488172.00376769,2549784.28426925,2653820.20472243,2820906.30840423,3051503.873076,3498248.23627582,4228026.3574967,5204538.60298541
RES_InFP,Potential,Raise Utilities,90th-percentile,540555.869739094,540555.869739094,540555.869739094,540555.869739094,543123.586946317,550047.774478102,553869.807454603,558397.457966543,562251.952880651,566603.357423645,633504.621397823,780347.392457114,1191734.12696788,2282174.51864014,2390326.64365303,2467838.26539575,2551297.11320218,2638032.560286,2740128.00784731,2838157.46482535,3831891.82432241,5267968.15580804,6798195.51232255
RES_InFP,Potential,WFP B,50th-percentile,380004.814585588,380004.814585588,380004.814585588,380004.814585588,380004.814585588,381571.058482371,384415.082721063,385649.359340995,388718.620475593,390136.567840902,426283.385718368,514263.802450704,864832.240019639,1684583.09364482,1751484.5535744,1807038.47220122,1858624.26474458,1945106.15833745,2080756.51053741,2258792.66969643,2610797.47893355,3179422.22405626,3949925.10439324
RES_InFP,Potential,WFP B,90th-percentile,380004.814585588,380004.814585588,380004.814585588,380004.814585588,381170.650947956,384314.482200751,386335.599122001,388788.867901139,390852.676956152,393182.545926788,429815.638003375,524083.565178117,803185.210522032,1635341.39188086,1725078.66231413,1789942.3892845,1859908.17119271,1932293.2128084,2015094.34337658,2094792.20357459,2877148.42257687,4002797.61136901,5234204.58224895
RES_InFP,Potential,Elevate,50th-percentile,0,0,0,0,0,0,0,0,0,0,0,0,0,0,0,0,0,0,0,0,0,0,0
RES_InFP,Potential,Elevate,90th-percentile,0,0,0,0,0,0,0,0,0,0,0,0,0,0,0,0,0,0,0,0,0,0,0
RES_InFP,Potential,WFP 1st,50th-percentile,0,0,0,0,0,0,0,0,0,0,0,0,0,0,0,0,0,0,0,0,0,0,0
RES_InFP,Potential,WFP 1st,90th-percentile,0,0,0,0,0,0,0,0,0,0,0,0,0,0,0,0,0,0,0,0,0,0,0
RES_InFP,2040,No mitigation,50th-percentile,23748188.6779039,25019138.8723849,25373847.2325658,25779683.8980671,26122287.4872028,26446907.3476944,26806716.5583586,27247145.1017552,27493792.3428704,27700016.6190732,30935479.2187842,35475155.3901196,41010609.0430432,48006751.016579,49203159.3370693,50122603.112004,51211149.538477,52185776.1707937,53601502.9208473,57535287.363126,62516801.2157229,71488431.297875,82913670.6836416
RES_InFP,2040,No mitigation,90th-percentile,23973899.7665751,24767804.1395978,25432187.8403888,26037989.8155722,26410307.7183586,26877037.8594376,27193217.7563889,27667611.2440629,27973589.1027098,28203413.9765074,30954259.9128642,35625628.9688206,40963649.9583253,47918674.8604024,49055403.7163725,49558058.7161087,50924948.5396711,52180428.2807717,53932559.9313549,55998071.6760795,64945914.0866116,74683129.4414792,90340357.477562
RES_InFP,2040,Raise Utilities,50th-percentile,15319057.6687917,16117046.7223826,16405186.6202489,16647250.403493,16970165.9842501,17202576.398136,17369598.4910345,17699948.8910801,17876169.3104191,18166486.0810887,20394778.7220049,23813366.9349539,28043696.0697089,33521689.3314864,34130103.2073986,35070695.5637736,36054107.2374591,36730979.9282586,38294974.1511455,40572421.8267002,45383321.7728146,52748095.3068564,63308039.4270177
RES_InFP,2040,Raise Utilities,90th-percentile,15510332.5180614,15968349.8950902,16413994.1966987,16904634.1691105,17136948.2156127,17489789.9231759,17747786.1570053,17984936.8275392,18263867.863711,18415274.5008503,20466279.5642175,23867104.7245389,27849160.0560199,33459909.1409727,34251467.8522072,35210090.7182473,35726626.2493775,36726315.1835921,37931664.462394,39865500.6559111,46976157.0664592,56075239.5459844,71859509.6426644
RES_InFP,2040,WFP B,50th-percentile,10471863.6265433,10985721.2596922,11248490.9441612,11394427.5420025,11619528.8310566,11801193.2194944,11940838.3444411,12176176.2238654,12316072.4589935,12482428.8789187,14261546.3496568,16880474.3035499,20187293.7271017,24350377.6577408,24928428.8141375,25657071.5392744,26358229.4150457,26991915.2210484,27878409.6644794,29913687.5609943,33215926.2448285,38516985.8570978,46886984.2048559
RES_InFP,2040,WFP B,90th-percentile,10599731.7799766,10844873.5776557,11263602.0547335,11525587.7084138,11770425.5904818,12006495.902535,12206579.783229,12398129.2568389,12610003.481745,12757990.9171041,14284827.9420867,16965293.2537706,20004973.3766738,24464812.4621662,24994547.9890464,25610173.7511009,26172169.9650348,26921863.6337954,27785072.7778007,29191286.1726136,34250203.0943504,40854524.264283,56418206.8941588
RES_InFP,2040,Elevate,50th-percentile,0,0,0,0,0,0,0,0,0,0,0,0,0,0,0,0,0,0,0,0,0,0,0
RES_InFP,2040,Elevate,90th-percentile,0,0,0,0,0,0,0,0,0,0,0,0,0,0,0,0,0,0,0,0,0,0,4750458.570679
RES_InFP,2040,WFP 1st,50th-percentile,0,0,0,0,0,0,0,0,0,0,0,0,0,0,0,0,0,250.370380920649,1225.29325448058,1904.50321940851,2737.01058789266,5434.00981166644,7676.55951962763
RES_InFP,2040,WFP 1st,90th-percentile,0,0,0,0,0,0,0,0,0,0,0,0,0,0,0,0,0,298.218086128094,803.884266231151,1830.22747648171,3748.91077100151,6466.5223053197,9277.13399132228
RES_InFP,2055,No mitigation,50th-percentile,68339125.0653069,71345441.8944661,72629064.4238022,73843513.506924,75089015.4380772,76236023.7002652,77437250.1416378,78259659.4854856,78979724.821489,79394698.6379245,86450195.0054718,93988668.9918685,103944864.90911,116847067.644039,118057701.341775,121526999.037672,122841831.091522,126324410.996016,132680800.735573,137885009.390681,147485965.890749,161630691.74932,187604728.008909
RES_InFP,2055,No mitigation,90th-percentile,72674581.5719019,75750622.3306134,78035890.8997323,79995078.0954778,81016142.7997652,81654432.0207053,82446901.0105316,83467956.0395424,84237698.7040084,84772313.6189598,90963512.3387719,99541559.00661,111227955.10002,125478982.318732,127566693.594127,130608490.574074,134197871.777234,137332837.232436,140999987.698201,146288088.253009,152917773.157731,161135247.513838,184522383.761389
RES_InFP,2055,Raise Utilities,50th-percentile,45722368.4161828,47490354.8147472,48561430.5882497,49315398.23344,50161843.6736712,51124166.7442398,52016054.0881101,52545309.7878151,53147968.0290555,53459369.4647295,58894530.464541,64681595.9574132,72426607.8298486,82364484.7322805,84285788.5620829,86574112.6648975,87875492.454965,90749427.9711512,96002614.7273382,100559296.951764,106974018.776332,123354042.509229,150107502.677898
RES_InFP,2055,Raise Utilities,90th-percentile,48231903.2214406,50764165.4818264,52198743.9509889,53831440.4395615,54671366.4321663,55206796.8076116,55853612.3252189,56587505.4043349,57101103.5506279,57523989.5055346,62288976.4693118,68914076.7364854,78004839.5106667,89768908.3873896,91236818.928596,94203669.5974367,96677408.0594533,99350771.6187442,102603241.81954,107905238.222822,113674249.300634,123142092.330677,145221132.089554
RES_InFP,2055,WFP B,50th-percentile,32303696.5700255,33425561.9963991,34263937.8713973,34879179.5106778,35615257.840483,36298919.9643733,36948580.6335248,37478064.8040919,37895138.2447849,38078610.1368354,42377041.1369523,46876491.1563085,52908709.2393412,60687042.9678782,61838964.2297037,63583968.7178838,64467886.5053555,66602210.350631,70771092.8919163,74339841.2710594,79022058.6376604,96642676.8397156,122877195.863792
RES_InFP,2055,WFP B,90th-percentile,33946500.4858829,36115025.2578585,37205085.0287264,38243914.5024164,39072225.7120088,39426958.1986246,40000624.3649081,40488534.1410193,40971875.2684166,41194059.2111802,44973851.9652034,50220134.7270853,57125248.5878042,65485368.7707422,67243466.3808482,69112611.7934425,71612490.8223403,73643366.2204292,76382583.4257635,80522313.2426943,85059144.7167949,93751623.5795772,116918188.558745
RES_InFP,2055,Elevate,50th-percentile,0,0,0,0,0,0,0,0,0,0,0,0,0,0,0,0,0,0,0,0,0,4989445.23398356,34780434.861784
RES_InFP,2055,Elevate,90th-percentile,0,0,0,0,0,0,0,0,0,0,0,0,0,0,0,0,0,0,0,0,0,7953543.43671513,31907443.5932911
RES_InFP,2055,WFP 1st,50th-percentile,0,0,0,0,0,0,0,0,0,0,0,0,0,1876.69228622166,2174.14216363578,2585.56661298792,3012.02412294553,4331.19630106102,5261.51102689812,6433.07271742936,8164.72631228011,9265.08887225982,22031.6604652179
RES_InFP,2055,WFP 1st,90th-percentile,0,0,0,0,0,0,0,0,0,0,0,0,0,1969.57869806973,2320.01564579284,2877.81594144358,3703.54714281109,5192.86768095677,6539.50667946572,7929.70894814085,8899.37465055652,9818.11478522375,15664.7642853021
RES_InFP,2100,No mitigation,50th-percentile,623731991.776337,632603260.861171,638092718.288895,643155436.596678,647364126.515162,651552047.417083,655756620.226983,657707833.999607,659255973.045705,662686184.131437,689718788.710535,724925593.545703,764736345.899033,808896596.439083,812810203.994259,816444241.378856,824797089.669343,832277098.068965,839344242.575363,847243951.675422,862309258.644878,872808215.196244,891911341.008624
RES_InFP,2100,No mitigation,90th-percentile,943470107.525469,959795440.650905,965523456.308613,973457135.315305,979470910.349363,985400399.12532,989647510.388547,995923498.125697,999185278.876586,1002959890.13778,1037704894.06881,1087664827.40063,1140992633.4424,1195468277.29439,1199220068.44621,1206263781.54677,1216147663.49173,1223999681.89098,1230727523.70261,1239267193.46779,1250643795.15254,1271358745.49455,1308999292.41696
RES_InFP,2100,Raise Utilities,50th-percentile,468921739.491984,475313595.789032,481232880.373064,484802323.921803,487477258.536602,490641329.64124,494067687.835375,496286980.874575,497768555.822018,499366582.042381,522835808.79294,551963694.857192,586855178.349985,626933047.873504,630336512.89953,635343859.997221,639169251.647956,644757911.856891,652440081.470595,662221888.493247,672736166.365959,687202723.224248,702409260.141891
RES_InFP,2100,Raise Utilities,90th-percentile,733594384.956815,745454686.193611,749103608.834498,757627343.181173,762572618.357544,765925512.70495,770239421.115868,774960296.148738,779248606.162199,781687236.40387,813386027.705199,857812331.335343,907303504.173536,957019778.457861,960063904.451763,966250964.211615,974417946.208503,982052516.970292,990858070.521585,998819165.410104,1009843865.48198,1023976027.93543,1065020121.15537
RES_InFP,2100,WFP B,50th-percentile,354411407.476944,358898731.249648,362735782.502722,365663091.635874,368308960.844876,370429188.524181,373299492.455906,375087625.0672,376221381.976434,377661811.013138,394518550.982199,416963986.253316,445047396.794003,481684041.8803,486072655.779444,488885421.253013,491459408.043018,497372092.201433,502803229.296322,511612905.335062,519526272.006365,531930920.462299,546019833.255235
RES_InFP,2100,WFP B,90th-percentile,553486619.361762,561267303.210247,565032906.830955,571447980.224735,576114036.020518,578452261.477101,581292935.840636,584755516.243576,587757354.11664,590275436.950996,616653162.437361,654875298.536586,697943572.168382,743415478.666273,746444039.072533,750404845.688742,758495392.21227,766006990.43297,771946766.156105,779080196.406783,787618563.012027,798977860.59113,840078490.023363
RES_InFP,2100,Elevate,50th-percentile,0,0,0,0,0,0,0,0,0,0,0,0,5653582.3500634,36496369.5065495,44838215.7384481,54836171.0857847,65151798.607339,73152790.4574064,81011886.4150873,87780873.0379291,90140209.0372788,93616323.1283148,99950728.7365902
RES_InFP,2100,Elevate,90th-percentile,0,0,0,0,187695.974837771,918094.282811144,1794174.29214943,2381809.59493437,3013316.05677961,3588635.73420589,12261291.3639049,30175610.7773169,58727941.3843079,98259868.4900913,99886147.2861877,106803549.120102,112641598.64709,117208688.30951,122211433.813075,128734457.327201,138269692.397687,158348698.971957,186199457.167138
RES_InFP,2100,WFP 1st,50th-percentile,16553.3907929978,17987.8035455792,19113.8613475874,20052.1401579318,20466.5156382641,21148.3842371262,21693.944102366,22174.2346954611,22684.6717694902,23046.7174287713,27659.3812978896,34239.5188723116,42610.7707196744,54981.2166892122,57702.3394847012,63955.2944408635,74416.6002574818,86178.5104901357,94884.8636947802,128993.758976392,170189.208027466,263244.143422818,389337.351389866
RES_InFP,2100,WFP 1st,90th-percentile,69687.2220307655,72583.666449203,74817.9510378214,75865.4248102365,77006.6139938076,78016.4817163095,78631.378359114,79682.5361028225,80307.4103951829,80605.2616813652,87913.9995576339,98147.6943442683,111760.64422741,142200.281980071,150584.503610542,159524.613169106,170799.330337126,195892.759425174,212297.252425135,222929.625551389,241814.448392672,303509.128676101,434208.463047421
RES_OutFP,Potential,No mitigation,50th-percentile,0,0,0,0,0,0,0,0,0,0,0,0,0,0,0,0,0,0,0,0,0,0,0
RES_OutFP,Potential,No mitigation,90th-percentile,0,0,0,0,0,0,0,0,0,0,0,0,0,0,0,0,0,0,0,0,0,0,0
RES_OutFP,Potential,Raise Utilities,50th-percentile,0,0,0,0,0,0,0,0,0,0,0,0,0,0,0,0,0,0,0,0,0,0,0
RES_OutFP,Potential,Raise Utilities,90th-percentile,0,0,0,0,0,0,0,0,0,0,0,0,0,0,0,0,0,0,0,0,0,0,0
RES_OutFP,Potential,WFP B,50th-percentile,0,0,0,0,0,0,0,0,0,0,0,0,0,0,0,0,0,0,0,0,0,0,0
RES_OutFP,Potential,WFP B,90th-percentile,0,0,0,0,0,0,0,0,0,0,0,0,0,0,0,0,0,0,0,0,0,0,0
RES_OutFP,Potential,Elevate,50th-percentile,0,0,0,0,0,0,0,0,0,0,0,0,0,0,0,0,0,0,0,0,0,0,0
RES_OutFP,Potential,Elevate,90th-percentile,0,0,0,0,0,0,0,0,0,0,0,0,0,0,0,0,0,0,0,0,0,0,0
RES_OutFP,Potential,WFP 1st,50th-percentile,0,0,0,0,0,0,0,0,0,0,0,0,0,0,0,0,0,0,0,0,0,0,0
RES_OutFP,Potential,WFP 1st,90th-percentile,0,0,0,0,0,0,0,0,0,0,0,0,0,0,0,0,0,0,0,0,0,0,0
RES_OutFP,2040,No mitigation,50th-percentile,0,0,0,0,0,0,0,0,0,0,0,0,0,77419.2130766428,129050.968182596,192837.374958308,351761.835252703,560385.409328101,921246.741702081,1197989.39199333,1702554.14884794,2814758.20163968,4805819.31770055
RES_OutFP,2040,No mitigation,90th-percentile,0,0,0,0,0,0,0,0,0,0,0,0,0,129472.498894844,207024.182307948,294871.216438292,427455.284905568,596470.337044985,821673.705955635,1136444.09343944,2201897.21716468,3476034.13512519,9210669.22947503
RES_OutFP,2040,Raise Utilities,50th-percentile,0,0,0,0,0,0,0,0,0,0,0,0,0,185.276835686527,1068.05883160917,3252.37509284841,27177.3052617464,50650.4650738571,133509.237559193,241024.075304103,443408.409110772,1178144.13641196,1880925.13064696
RES_OutFP,2040,Raise Utilities,90th-percentile,0,0,0,0,0,0,0,0,0,0,0,0,0,1157.24971544263,3805.15139211105,23504.773868037,33536.769112349,56475.6233595701,87572.8329582062,219569.2382093,773387.860519843,1451878.0235278,4739886.68934607
RES_OutFP,2040,WFP B,50th-percentile,0,0,0,0,0,0,0,0,0,0,0,0,0,0,0,0,0,0,0,0,0,0,0
RES_OutFP,2040,WFP B,90th-percentile,0,0,0,0,0,0,0,0,0,0,0,0,0,0,0,0,0,0,0,0,0,0,334620.182188757
RES_OutFP,2040,Elevate,50th-percentile,0,0,0,0,0,0,0,0,0,0,0,0,0,77419.2130766428,129050.968182596,192837.374958308,351761.835252703,560385.409328101,921246.741702081,1197989.39199333,1702554.14884794,2814758.20163968,4805819.31770055
RES_OutFP,2040,Elevate,90th-percentile,0,0,0,0,0,0,0,0,0,0,0,0,0,129472.498894844,207024.182307948,294871.216438292,427455.284905568,596470.337044985,821673.705955635,1136444.09343944,2201897.21716468,3476034.13512519,9210669.22947503
RES_OutFP,2040,WFP 1st,50th-percentile,0,0,0,0,0,0,0,0,0,0,0,0,0,0,0,0,0,0,0,0,0,0,0
RES_OutFP,2040,WFP 1st,90th-percentile,0,0,0,0,0,0,0,0,0,0,0,0,0,0,0,0,0,0,0,0,0,0,0
RES_OutFP,2055,No mitigation,50th-percentile,0,0,0,0,0,0,0,0,0,0,0,0,309024.056573366,1263743.03322958,1373713.43421037,1593614.18208281,1980556.62065532,2457360.74592468,2753658.51749956,3468798.99346472,5940015.7826049,9318351.5934848,28401353.5262003
RES_OutFP,2055,No mitigation,90th-percentile,0,0,0,0,0,0,0,0,0,0,0,0,407453.226738057,1405923.68613685,1540328.09005876,1808532.56432094,2201897.21716468,2940740.26440068,3673186.4382786,5172940.75456928,7475595.60171417,10897340.1875267,24752670.2760066
RES_OutFP,2055,Raise Utilities,50th-percentile,0,0,0,0,0,0,0,0,0,0,0,0,24130.4243625463,236380.245856254,282103.480524993,397450.223414647,522701.972124996,862054.129836146,1100906.74395519,1442384.0074248,2120778.64909764,4818815.21338626,20266202.3658469
RES_OutFP,2055,Raise Utilities,90th-percentile,0,0,0,0,0,0,0,0,0,0,0,0,29858.139888579,248040.538294217,310767.108689984,469750.862804473,748594.799333726,1040721.54376377,1451878.0235278,1979669.9799142,3100030.17664519,6022075.31655925,18424773.2467282
RES_OutFP,2055,WFP B,50th-percentile,0,0,0,0,0,0,0,0,0,0,0,0,0,0,0,0,0,0,0,0,0,354704.267767545,10606733.0083359
RES_OutFP,2055,WFP B,90th-percentile,0,0,0,0,0,0,0,0,0,0,0,0,0,0,0,0,0,0,0,0,0,929591.968377199,9685172.20712626
RES_OutFP,2055,Elevate,50th-percentile,0,0,0,0,0,0,0,0,0,0,0,0,309024.056573366,1263743.03322958,1373713.43421037,1593614.18208281,1980556.62065532,2457360.74592468,2753658.51749956,3468798.99346472,5940015.7826049,9318351.5934848,28401353.5262003
RES_OutFP,2055,Elevate,90th-percentile,0,0,0,0,0,0,0,0,0,0,0,0,407453.226738057,1405923.68613685,1540328.09005876,1808532.56432094,2201897.21716468,2940740.26440068,3673186.4382786,5172940.75456928,7475595.60171417,10897340.1875267,24752670.2760066
RES_OutFP,2055,WFP 1st,50th-percentile,0,0,0,0,0,0,0,0,0,0,0,0,0,0,0,0,0,0,0,0,0,0,0
RES_OutFP,2055,WFP 1st,90th-percentile,0,0,0,0,0,0,0,0,0,0,0,0,0,0,0,0,0,0,0,0,0,0,0
RES_OutFP,2100,No mitigation,50th-percentile,14653671.2661781,14951460.2401544,15756543.3062821,16015160.9855742,16268945.7238223,16583164.1342661,16918563.1921892,17195988.5689065,17398043.8425429,17657852.2953212,20407152.0297506,24540316.6958756,32152488.8121792,51550551.8423904,55035083.491549,60853446.7856927,66523324.5166334,74199164.1885232,78978662.5196365,88839022.2678264,100091989.139228,107854927.716741,114172796.7579
RES_OutFP,2100,No mitigation,90th-percentile,48015337.5034193,49724394.537381,50447536.8164464,51725386.8891476,52498958.8776928,53488102.3801421,54139809.1416591,54927740.2189499,55566054.9815008,56361340.4550882,64494074.4148176,78405327.5528691,98203464.625221,127318694.502805,130992466.230939,133580579.347533,137054831.400528,141378302.490653,149255816.854342,154795561.27767,162337917.944916,171028563.839436,186125148.984605
RES_OutFP,2100,Raise Utilities,50th-percentile,2495249.56063929,2693862.11809146,2910696.52689802,3075060.13221347,3206626.85538866,3325783.70927656,3500327.91878685,3624204.59018409,3713695.22639643,3803243.80002894,4894723.98508933,6730350.8488139,10952921.8914483,27020795.1418384,31528547.4577596,36172580.6353052,43884340.2647309,49547093.320346,54551472.9250617,63050054.425396,73653436.2194391,83091962.2925648,90042232.8251417
RES_OutFP,2100,Raise Utilities,90th-percentile,15633941.3569363,16746607.8607367,17403179.6541494,17661858.134312,18223792.2867531,18660060.7421705,19016949.9458173,19580812.9642229,19934380.8738344,20455049.1881194,25293194.5991196,34990709.9946238,50602302.5558452,77691461.2993887,79202081.3717335,83558053.9583361,87227525.0819743,93984406.5737808,99024982.9542217,103935555.08249,110946199.656104,118455391.380468,135133408.166656
RES_OutFP,2100,WFP B,50th-percentile,0,0,0,0,0,0,0,0,0,0,0,0,439770.584029183,11431502.5032225,15370814.0483772,20309663.8493628,26768655.4090474,31470008.8498232,37509327.4019237,44308926.6385592,56343487.508652,65259438.0017848,73324512.5444788
RES_OutFP,2100,WFP B,90th-percentile,0,0,0,0,547.567613608448,9652.26592812975,38791.1944037886,62557.2177497811,121174.046967115,162952.869383191,1486003.09524216,6105348.23226307,14547526.9913541,37977703.4253281,40187645.5903508,42791634.0240261,49024972.5606317,55113821.3688374,59477480.3735898,63271182.6422616,69303096.0290143,77032350.8890563,90306365.4242478
RES_OutFP,2100,Elevate,50th-percentile,14653671.2661781,14951460.2401544,15756543.3062821,16015160.9855742,16268945.7238223,16583164.1342661,16918563.1921892,17195988.5689065,17398043.8425429,17657852.2953212,20407152.0297506,24540316.6958756,32152488.8121792,51550551.8423904,55035083.491549,60853446.7856927,66523324.5166334,74199164.1885232,78978662.5196365,88839022.2678264,100091989.139228,107854927.716741,114172796.7579
RES_OutFP,2100,Elevate,90th-percentile,48015337.5034193,49724394.537381,50447536.8164464,51725386.8891476,52498958.8776928,53488102.3801421,54139809.1416591,54927740.2189499,55566054.9815008,56361340.4550882,64494074.4148176,78405327.5528691,98203464.625221,127318694.502805,130992466.230939,133580579.347533,137054831.400528,141378302.490653,149255816.854342,154795561.27767,162337917.944916,171028563.839436,186125148.984605
RES_OutFP,2100,WFP 1st,50th-percentile,0,0,0,0,0,0,0,0,0,0,0,0,0,0,0,0,0,0,0,0,0,0,0
RES_OutFP,2100,WFP 1st,90th-percentile,0,0,0,0,0,0,0,0,0,0,0,0,0,0,0,0,0,0,0,0,0,0,0
NONRES_InFP,Potential,No mitigation,50th-percentile,144934.050044924,144934.050044924,144934.050044924,144934.050044924,144934.050044924,146881.908864022,150418.87887645,151782.666815575,158411.138058312,162752.442298605,286495.561165242,716870.720067411,1457453.2027376,2374070.85613783,2444128.8081252,2499798.68407119,2550284.28546946,2628104.72671254,2748966.52377313,2918084.98912976,3248302.18735607,3734421.71452193,4349814.60603076
NONRES_InFP,Potential,No mitigation,90th-percentile,144934.050044924,144934.050044924,144934.050044924,144934.050044924,146383.942136908,150293.767065257,152512.724004191,158626.213352257,164944.940845875,172078.25925318,307042.813333733,753930.760762795,1368775.53134386,2321950.05100201,2416861.33986224,2482769.75496185,2551460.70280422,2616641.4605852,2690559.62049278,2761361.60071104,3478582.68594372,4389083.57187252,5333743.45895852
NONRES_InFP,Potential,Raise Utilities,50th-percentile,84619.288382988,84619.288382988,84619.288382988,84619.288382988,84619.288382988,86012.7848573976,88543.1300724017,89518.7827564562,95217.9643959282,99129.9523653752,217828.453256112,625920.489084698,1290135.97273296,2156051.59097656,2224893.82035304,2279584.82561429,2329180.91274027,2405583.18257472,2524234.7064063,2689670.3248325,3017104.82488328,3499074.1720258,4101347.47308428
NONRES_InFP,Potential,Raise Utilities,90th-percentile,84619.288382988,84619.288382988,84619.288382988,84619.288382988,85656.5399017552,88453.6251934575,90041.0650227475,95411.7706614808,101105.632360419,107533.529196722,237944.880753625,661614.789849866,1221629.08195193,2104832.04282127,2198102.15477731,2262855.32450285,2330335.94088596,2394329.55217061,2466895.92570769,2536403.10702967,3245419.77022353,4138866.0536089,5049022.9026744
NONRES_InFP,Potential,WFP B,50th-percentile,7673.50898925305,7673.50898925305,7673.50898925305,7673.50898925305,7673.50898925305,8113.81384375559,8913.33024167517,9221.60846195531,13963.5502183858,17676.9400727197,124596.812976112,540750.413064698,1228456.73511609,2111160.94644822,2180303.18026364,2235235.74190291,2285051.3348831,2361803.56754127,2481000.52153432,2648032.64704573,2976033.38617045,3458847.23528367,4062143.34362696
NONRES_InFP,Potential,WFP B,90th-percentile,7673.50898925305,7673.50898925305,7673.50898925305,7673.50898925305,8001.25067173331,8885.04927116355,9386.63465433665,14147.5176093468,19552.3216194693,25653.8963387818,144713.240473625,576444.713829866,1147537.28083351,2059718.9946851,2153394.1006356,2218432.35080398,2286211.64124901,2350498.20523141,2423398.1597252,2493224.85917816,3204748.29333925,4099724.68687779,4991033.19812736
NONRES_InFP,Potential,Elevate,50th-percentile,0,0,0,0,0,0,0,0,0,0,0,0,0,0,0,0,0,0,0,0,0,0,0
NONRES_InFP,Potential,Elevate,90th-percentile,0,0,0,0,0,0,0,0,0,0,0,0,0,0,0,0,0,0,0,0,0,0,0
NONRES_InFP,Potential,WFP 1st,50th-percentile,0,0,0,0,0,0,0,0,0,0,0,0,0,0,0,0,0,0,0,0,0,0,0
NONRES_InFP,Potential,WFP 1st,90th-percentile,0,0,0,0,0,0,0,0,0,0,0,0,0,0,0,0,0,0,0,0,0,0,0
NONRES_InFP,2040,No mitigation,50th-percentile,14778409.9433111,15534256.5327867,16120350.1340156,16603577.9089012,16795871.0550483,16974055.2201117,17195861.7468709,17572953.6662124,17799791.1643213,18023011.0567819,20147232.6258822,23101043.6100724,26499635.2921863,30521004.4828121,31177849.4950247,31845090.1759436,32255545.2524119,33297481.8441031,34711884.6448779,37318385.0129379,42305493.2705474,56817240.3957639,68990737.2747335
NONRES_InFP,2040,No mitigation,90th-percentile,15135675.0839638,15666935.1049752,16434674.9478287,16794576.7242964,17187160.6668794,17352415.5459446,17587835.2846913,17855303.9336926,17996455.1165375,18237784.9226072,20291548.964649,23217062.922509,26609179.1741936,30435597.2983046,30923143.5062418,31598614.3501941,32445655.792814,33493944.5098552,34240658.7700927,35658790.9345866,46096278.0104562,62284875.8336435,81159360.1854407
NONRES_InFP,2040,Raise Utilities,50th-percentile,12961071.0004189,13760854.1736368,14260664.7917918,14682952.8539457,14890423.2761424,15035490.5801577,15328355.590727,15594539.0028752,15857970.8876363,16066982.5190167,18010990.4256968,20828678.4012295,24023761.9535832,27794623.545025,28547519.8485782,29114968.3400318,29478784.4923095,30482187.0819516,31695523.7990273,34171753.9096629,38778796.6903201,52663767.8276182,64521751.3752913
NONRES_InFP,2040,Raise Utilities,90th-percentile,13381677.2442669,13863635.0061444,14575949.8741804,14889218.4944108,15282650.5288108,15453021.1501527,15669191.9692554,15888225.6076624,16011337.0377124,16286443.9339311,18166564.6403814,20942902.6225514,24198895.9291137,27844790.420482,28271775.5735216,28847032.4498451,29748424.0137165,30744912.0916024,31337755.6521916,32710551.3736056,42156552.7494078,58018044.394806,76658262.0090409
NONRES_InFP,2040,WFP B,50th-percentile,11704129.2943898,12479254.0494456,12998000.3243624,13438758.838745,13650503.1903882,13794285.9154277,14058433.75581,14383484.1841965,14634291.9978164,14810424.1831377,16827258.7644437,19649349.0167548,22905010.383571,26694612.3191759,27213137.4413192,27859338.0125869,28339536.6219985,29398914.8062574,30340351.721818,32696421.9693209,36996848.9740614,50368375.209015,62306614.1945835
NONRES_InFP,2040,WFP B,90th-percentile,12070030.8988076,12604762.484545,13292713.5803698,13634480.22237,14043375.7431815,14182699.7279741,14424318.2448991,14659097.7299125,14793812.166538,15056406.3433813,16991716.5364059,19793246.6562034,22952617.8182206,26627061.4938966,27079722.973028,27439005.1028357,28420473.0614964,29196485.7899115,30166580.7121529,31432284.4919301,39831765.2676808,55739992.0070452,74011202.6250955
NONRES_InFP,2040,Elevate,50th-percentile,0,0,0,0,0,0,0,0,0,0,0,0,0,0,0,0,0,0,0,0,0,0,0
NONRES_InFP,2040,Elevate,90th-percentile,0,0,0,0,0,0,0,0,0,0,0,0,0,0,0,0,0,0,0,0,0,0,9644705.6033392
NONRES_InFP,2040,WFP 1st,50th-percentile,0,0,0,0,0,0,0,0,0,0,0,0,0,0,0,0,0,0,0,0,0,0,0
NONRES_InFP,2040,WFP 1st,90th-percentile,0,0,0,0,0,0,0,0,0,0,0,0,0,0,0,0,0,0,0,0,0,0,0
NONRES_InFP,2055,No mitigation,50th-percentile,46405362.5020588,47869121.3105149,48713875.4186026,49518055.3876773,50105011.2119801,50751397.9173465,51343956.3740355,52210840.2852246,52464223.7419043,52821137.0478365,56788924.9050723,61264717.8476277,66947416.9310731,75276408.1183242,77044770.3270405,78994343.1511355,81675272.2999921,86328505.8806911,91899523.7682882,99511940.8440555,110596988.029212,127022602.416292,151633100.680928
NONRES_InFP,2055,No mitigation,90th-percentile,48425735.7225725,50744558.4574496,51843327.1800428,52789549.6863104,53510217.5481401,54080416.2398653,54717874.9031374,55092393.1586385,55541406.094026,55894171.7293536,59650456.8398522,64336463.9050179,71177261.2802492,81183225.9354368,83165113.8303628,85426416.3155932,88019673.1823884,92585010.3352405,99789768.8280155,111070696.716824,117115891.181178,125409956.695077,145354770.207168
NONRES_InFP,2055,Raise Utilities,50th-percentile,41736690.5994802,43211432.753675,43892939.1920077,44518670.8620929,45276854.4664824,45862676.9981262,46349015.1691927,47188085.0295154,47526357.7764512,47819921.1476068,51545607.1658561,55850054.0416716,61384703.445825,69304205.2880023,70865508.498368,72690318.1712999,75075741.2436754,79618895.182099,84438277.4157511,92174223.8836403,103085910.937481,119400890.75429,144211570.966908
NONRES_InFP,2055,Raise Utilities,90th-percentile,43539196.2912238,45633691.1084936,46806558.2493518,47781449.3098635,48388143.6532525,48996342.1257746,49505860.0172703,49989586.5140195,50460246.5607535,50770672.9194247,54326721.6146227,58932137.8511937,65413606.3944043,74928429.6014762,76755577.1325756,78992673.6853605,81690434.6866623,85267048.1684884,92429907.3655716,103612622.850567,109201338.052458,117565249.502087,137720049.616443
NONRES_InFP,2055,WFP B,50th-percentile,39602266.9534653,41086426.2185878,41849776.324764,42542925.8162393,43147585.3310004,43805905.4187548,44363963.8613703,45069826.898958,45431190.620368,45729930.8586409,49555061.7298123,53719301.003428,59168019.4589376,66910726.3556963,68331152.3175364,69497098.4248617,72423428.4279302,76820980.188591,81177315.1078808,88930713.0686799,99937299.3461953,116056324.990171,141092884.751928
NONRES_InFP,2055,WFP B,90th-percentile,41493814.0181085,43682051.9605231,44812351.0203272,45800914.0456796,46444060.3385867,46979687.6960147,47567847.6179324,47940092.5550116,48436648.2423072,48759852.460908,52331143.1815036,56860289.7801476,63299551.0485616,72143643.1263939,74202900.6418203,76059663.6352966,78751167.6930866,82174742.0510902,89350577.1441767,99986723.7095255,105974798.479961,114241375.357248,134514231.395242
NONRES_InFP,2055,Elevate,50th-percentile,0,0,0,0,0,0,0,0,0,0,0,0,0,0,0,0,0,0,0,0,0,10129912.6578588,50445397.3154296
NONRES_InFP,2055,Elevate,90th-percentile,0,0,0,0,0,0,0,0,0,0,0,0,0,0,0,0,0,0,0,0,0,16147827.3748051,47765284.9158464
NONRES_InFP,2055,WFP 1st,50th-percentile,0,0,0,0,0,0,0,0,0,0,0,0,0,0,0,0,0,0,0,0,0,0,153972.755708783
NONRES_InFP,2055,WFP 1st,90th-percentile,0,0,0,0,0,0,0,0,0,0,0,0,0,0,0,0,0,0,0,0,0,0,122465.310664401
NONRES_InFP,2100,No mitigation,50th-percentile,385255742.731455,393254069.482138,397050970.989748,402811262.36804,404256648.68015,407432961.351991,410654566.648009,412529789.562593,414498743.875084,417016504.976548,443228642.634389,476401075.417943,518609849.414613,563315513.327316,569131181.688438,571348454.310383,577570608.600503,583625645.820671,591970728.216998,599487485.179505,608305261.890656,628726072.576177,644047142.13383
NONRES_InFP,2100,No mitigation,90th-percentile,679060665.337765,690745420.504095,697999209.160366,710259025.93371,713812227.237367,719325764.251683,724431779.489768,726907909.776019,732268972.767098,736356830.206842,778821856.249828,834574275.608796,891641112.081085,946421466.124726,954302807.980449,960527422.15376,968754802.643259,975058057.676682,988535030.063008,995037216.241729,1006823641.11468,1029403602.78523,1063275408.04746
NONRES_InFP,2100,Raise Utilities,50th-percentile,359606309.692027,366864594.451461,371244837.239593,376257492.46098,377672254.490794,380811653.267118,383558260.009932,385535386.846397,387574328.19876,389560987.89661,414560947.63679,446078460.502613,486190200.098826,530444256.90007,535663319.819029,538123148.214597,543296239.90046,550698155.53232,557471930.589855,563951033.876182,573006068.881462,593069904.427604,609284362.212671
NONRES_InFP,2100,Raise Utilities,90th-percentile,637156736.064448,647404800.683054,655328047.588004,666289198.896044,668891724.742176,673671962.211039,679149471.675647,682856834.504777,686852684.008866,691180265.300612,732046141.609241,786073765.470077,841875318.290467,895521893.475292,903311410.6969,909206611.910286,917226299.568002,924616750.377175,936463184.178938,942104542.04172,954352604.896875,975005168.319114,1010180831.61119
NONRES_InFP,2100,WFP B,50th-percentile,347654634.555804,354407684.298202,359303526.377903,363299916.565745,365442118.686871,367913574.108573,370406344.006601,372521163.060788,374219716.63136,376387843.600551,400817762.042833,430825812.59136,470779388.890526,515294657.997107,518153538.460331,520983318.750401,526996243.878333,533275765.186174,540586398.608265,546171196.254584,555057509.818846,574621272.905089,592381120.401223
NONRES_InFP,2100,WFP B,90th-percentile,615469060.442475,624935481.364644,632421165.589958,642271223.292295,645510580.275678,650932137.565608,654904677.684362,657957670.174399,662396083.196808,666866562.845192,707236818.439011,759610993.706342,816225062.063789,868431751.124871,876632215.255059,882218031.660327,890455979.618145,898489384.131627,909378165.82,915119380.973748,926589645.04457,946814975.750623,982488017.203131
NONRES_InFP,2100,Elevate,50th-percentile,0,0,0,0,0,0,0,0,0,0,0,0,11478289.2134142,52926865.3178774,59723601.5666832,67623747.1750762,73003396.9231912,77446711.7716202,83622819.9223293,90900373.2394792,100155458.06267,106119457.920091,117477411.53352
NONRES_InFP,2100,Elevate,90th-percentile,0,0,0,0,381073.193947106,1863977.74911163,3642655.24925679,4835712.59586148,6117840.16743888,7285893.48987664,24893711.5779805,55244104.5857674,96012163.0162187,137866607.967529,140735605.005081,146657947.491367,152222047.02323,158564863.289118,163045755.11762,172981992.402204,187970390.753181,199694418.131877,230291116.133843
NONRES_InFP,2100,WFP 1st,50th-percentile,0,0,0,0,0,0,0,0,0,0,0,0,0,168132.180828147,299727.550066856,402677.389070833,498422.39542597,616572.764246274,753135.591721061,915175.215840528,1332947.62393784,1861276.01826366,2665123.36237571
NONRES_InFP,2100,WFP 1st,90th-percentile,0,0,0,0,0,0,0,0,0,0,0,504.023138072022,151308.281284804,623779.206316013,677563.562520467,779263.516398401,919672.800526869,1104037.94565121,1224922.87110427,1343805.77225335,1587250.93773006,1893393.34503012,2799115.36121608
NONRES_OutFP,Potential,No mitigation,50th-percentile,0,0,0,0,0,0,0,0,0,0,0,0,0,0,0,0,0,0,0,0,0,0,0
NONRES_OutFP,Potential,No mitigation,90th-percentile,0,0,0,0,0,0,0,0,0,0,0,0,0,0,0,0,0,0,0,0,0,0,0
NONRES_OutFP,Potential,Raise Utilities,50th-percentile,0,0,0,0,0,0,0,0,0,0,0,0,0,0,0,0,0,0,0,0,0,0,0
NONRES_OutFP,Potential,Raise Utilities,90th-percentile,0,0,0,0,0,0,0,0,0,0,0,0,0,0,0,0,0,0,0,0,0,0,0
NONRES_OutFP,Potential,WFP B,50th-percentile,0,0,0,0,0,0,0,0,0,0,0,0,0,0,0,0,0,0,0,0,0,0,0
NONRES_OutFP,Potential,WFP B,90th-percentile,0,0,0,0,0,0,0,0,0,0,0,0,0,0,0,0,0,0,0,0,0,0,0
NONRES_OutFP,Potential,Elevate,50th-percentile,0,0,0,0,0,0,0,0,0,0,0,0,0,0,0,0,0,0,0,0,0,0,0
NONRES_OutFP,Potential,Elevate,90th-percentile,0,0,0,0,0,0,0,0,0,0,0,0,0,0,0,0,0,0,0,0,0,0,0
NONRES_OutFP,Potential,WFP 1st,50th-percentile,0,0,0,0,0,0,0,0,0,0,0,0,0,0,0,0,0,0,0,0,0,0,0
NONRES_OutFP,Potential,WFP 1st,90th-percentile,0,0,0,0,0,0,0,0,0,0,0,0,0,0,0,0,0,0,0,0,0,0,0
NONRES_OutFP,2040,No mitigation,50th-percentile,0,0,0,0,0,0,0,0,0,0,0,0,0,0,0,0,0,0,0,0,0,0,12886.414042921
NONRES_OutFP,2040,No mitigation,90th-percentile,0,0,0,0,0,0,0,0,0,0,0,0,0,0,0,0,0,0,0,0,0,0,120401.871513381
NONRES_OutFP,2040,Raise Utilities,50th-percentile,0,0,0,0,0,0,0,0,0,0,0,0,0,0,0,0,0,0,0,0,0,0,0
NONRES_OutFP,2040,Raise Utilities,90th-percentile,0,0,0,0,0,0,0,0,0,0,0,0,0,0,0,0,0,0,0,0,0,0,68207.3287094997
NONRES_OutFP,2040,WFP B,50th-percentile,0,0,0,0,0,0,0,0,0,0,0,0,0,0,0,0,0,0,0,0,0,0,0
NONRES_OutFP,2040,WFP B,90th-percentile,0,0,0,0,0,0,0,0,0,0,0,0,0,0,0,0,0,0,0,0,0,0,0
NONRES_OutFP,2040,Elevate,50th-percentile,0,0,0,0,0,0,0,0,0,0,0,0,0,0,0,0,0,0,0,0,0,0,12886.414042921
NONRES_OutFP,2040,Elevate,90th-percentile,0,0,0,0,0,0,0,0,0,0,0,0,0,0,0,0,0,0,0,0,0,0,120401.871513381
NONRES_OutFP,2040,WFP 1st,50th-percentile,0,0,0,0,0,0,0,0,0,0,0,0,0,0,0,0,0,0,0,0,0,0,0
NONRES_OutFP,2040,WFP 1st,90th-percentile,0,0,0,0,0,0,0,0,0,0,0,0,0,0,0,0,0,0,0,0,0,0,0
NONRES_OutFP,2055,No mitigation,50th-percentile,0,0,0,0,0,0,0,0,0,0,0,0,0,0,0,0,0,0,0,0,15791.3200274787,123222.135451654,4184338.58670154
NONRES_OutFP,2055,No mitigation,90th-percentile,0,0,0,0,0,0,0,0,0,0,0,0,0,0,0,0,0,0,0,14175.5496617232,58798.437366671,204411.642382103,3932276.11312906
NONRES_OutFP,2055,Raise Utilities,50th-percentile,0,0,0,0,0,0,0,0,0,0,0,0,0,0,0,0,0,0,0,0,0,70609.2098298695,4058153.81270982
NONRES_OutFP,2055,Raise Utilities,90th-percentile,0,0,0,0,0,0,0,0,0,0,0,0,0,0,0,0,0,0,0,0,20506.3404015279,146609.608123657,3807592.5033412
NONRES_OutFP,2055,WFP B,50th-percentile,0,0,0,0,0,0,0,0,0,0,0,0,0,0,0,0,0,0,0,0,0,0,3964193.17262582
NONRES_OutFP,2055,WFP B,90th-percentile,0,0,0,0,0,0,0,0,0,0,0,0,0,0,0,0,0,0,0,0,0,52371.7903656999,3713631.86325719
NONRES_OutFP,2055,Elevate,50th-percentile,0,0,0,0,0,0,0,0,0,0,0,0,0,0,0,0,0,0,0,0,15791.3200274787,123222.135451654,4184338.58670154
NONRES_OutFP,2055,Elevate,90th-percentile,0,0,0,0,0,0,0,0,0,0,0,0,0,0,0,0,0,0,0,14175.5496617232,58798.437366671,204411.642382103,3932276.11312906
NONRES_OutFP,2055,WFP 1st,50th-percentile,0,0,0,0,0,0,0,0,0,0,0,0,0,0,0,0,0,0,0,0,0,0,0
NONRES_OutFP,2055,WFP 1st,90th-percentile,0,0,0,0,0,0,0,0,0,0,0,0,0,0,0,0,0,0,0,0,0,0,0
NONRES_OutFP,2100,No mitigation,50th-percentile,0,0,0,0,0,0,0,0,0,0,0,12292.044635229,144803.578379228,4343270.7089586,5082963.70955366,5956642.33193351,6816516.07665763,7927533.25135103,8772907.72771981,9709684.06154913,11182200.1843832,12608473.985593,15455508.5681104
NONRES_OutFP,2100,No mitigation,90th-percentile,21447.0375949289,54893.4410286626,71540.0333087672,87303.6874691519,96152.6738052424,111108.673908573,128452.894865775,140124.045134182,146581.612551878,157289.134243975,415079.916446125,2236234.91564015,5245481.03939316,10120974.8408272,10716321.1310536,11505328.4129769,12134086.5242693,12553171.9873547,13372527.5341614,14359810.1554326,15974557.6219485,18596366.8714856,21783280.0467322
NONRES_OutFP,2100,Raise Utilities,50th-percentile,0,0,0,0,0,0,0,0,0,0,0,0,79769.8709979829,4215784.54670105,4919327.29745577,5763534.57180001,6676516.07665763,7767824.62120979,8632907.72771981,9471300.4053997,10997288.6115508,12375804.9681978,15084994.5216166
NONRES_OutFP,2100,Raise Utilities,90th-percentile,0,9754.83529877649,16844.1155457319,23636.0857337141,30583.8044226151,39599.5420905974,50574.6531576377,58601.9765812157,65252.3759853874,68251.3280941234,271596.795777127,2023446.93711715,4945710.25442335,9812063.50559384,10337034.5450319,11182767.3067168,11685207.6649419,12167492.9658692,12924530.5704105,13960514.4252886,15618890.4671514,17851076.8013717,21265950.8449295
NONRES_OutFP,2100,WFP B,50th-percentile,0,0,0,0,0,0,0,0,0,0,0,0,0,4121823.90661705,4825366.65737177,5638920.3310738,6585660.31439363,7671477.00287169,8542051.9654558,9343740.03080329,10838092.3970713,12271768.1187006,14963241.4834586
NONRES_OutFP,2100,WFP B,90th-percentile,0,0,0,0,0,0,0,0,0,0,98603.9755152003,1714554.17361493,4619475.52082628,9458091.26297535,10129108.1318581,10844619.4503471,11276844.4498329,11784031.1570375,12578439.2670463,13653335.87441,15318258.6028084,17150830.7784066,20963338.6948761
NONRES_OutFP,2100,Elevate,50th-percentile,0,0,0,0,0,0,0,0,0,0,0,12292.044635229,144803.578379228,4343270.7089586,5082963.70955366,5956642.33193351,6816516.07665763,7927533.25135103,8772907.72771981,9709684.06154913,11182200.1843832,12608473.985593,15455508.5681104
NONRES_OutFP,2100,Elevate,90th-percentile,21447.0375949289,54893.4410286626,71540.0333087672,87303.6874691519,96152.6738052424,111108.673908573,128452.894865775,140124.045134182,146581.612551878,157289.134243975,415079.916446125,2236234.91564015,5245481.03939316,10120974.8408272,10716321.1310536,11505328.4129769,12134086.5242693,12553171.9873547,13372527.5341614,14359810.1554326,15974557.6219485,18596366.8714856,21783280.0467322
NONRES_OutFP,2100,WFP 1st,50th-percentile,0,0,0,0,0,0,0,0,0,0,0,0,0,0,0,0,0,0,0,0,0,0,0
NONRES_OutFP,2100,WFP 1st,90th-percentile,0,0,0,0,0,0,0,0,0,0,0,0,0,0,0,0,0,0,0,0,0,0,0
